{
  "schemaVersion": 1,
  "id": "hecate",
  "version": "${version}",
  "name": "Hecate",
  "description": "A minecraft mod but its done completely wrong.",
  "authors": [
    "NameDoesCode"
  ],
  "license": "All-Rights-Reserved",
  "icon": "assets/hecate/icon.png",
  "environment": "client",
  "entrypoints": {
    "client": [
      "pw.sentire.client.Main"
    ]
  },
  "accessWidener": "hecate.accesswidener",
  "mixins": [
    "hecate.mixins.json"
  ],
  "depends": {
    "minecraft": ">=1.17.1",
    "java": ">=17"
  }
}