{
  "required": true,
  "minVersion": "0.8",
  "package": "pw.sentire.client.mixins",
  "compatibilityLevel": "JAVA_17",
  "client": [
  ],
  "server": [],
  "injectors": {
    "defaultRequire": 1
  },
  "mixins": [
    "AccesorMinecraftClient",
    "AccessorEntity",
    "MixinClientConnection",
    "MixinClientPlayerEntity",
    "MixinClientPlayNetworkHandler",
    "MixinClientWorld",
    "MixinExplosion",
    "MixinInGameHud",
    "MixinKeyboard",
    "MixinLivingEntity",
    "MixinMinecraftClient",
    "MixinMouse",
    "MixinPlayerEntity"
  ]
}